<?xml version="1.0" encoding="UTF-8"?>    
<beans xmlns="http://www.springframework.org/schema/beans"    
    xmlns:xsi="http://www.w3.org/2001/XMLSchema-instance"   
    xmlns:p="http://www.springframework.org/schema/p"  
    xmlns:aop="http://www.springframework.org/schema/aop"   
    xmlns:context="http://www.springframework.org/schema/context"  
    xmlns:jee="http://www.springframework.org/schema/jee"  
    xmlns:tx="http://www.springframework.org/schema/tx"  
    xsi:schemaLocation="    
        http://www.springframework.org/schema/aop http://www.springframework.org/schema/aop/spring-aop-4.0.xsd  
        http://www.springframework.org/schema/beans http://www.springframework.org/schema/beans/spring-beans-4.0.xsd  
        http://www.springframework.org/schema/context http://www.springframework.org/schema/context/spring-context-4.0.xsd  
        http://www.springframework.org/schema/jee http://www.springframework.org/schema/jee/spring-jee-4.0.xsd  
        http://www.springframework.org/schema/tx http://www.springframework.org/schema/tx/spring-tx-4.0.xsd">    
        
	
	
	<!-- 配置数据源 -->
	<bean id="dataSource"
		class="org.springframework.jdbc.datasource.DriverManagerDataSource">
		<property name="driverClassName" value="com.mysql.jdbc.Driver"/>
		<property name="url" value="jdbc:mysql://localhost:3306/db_employessleave?useUnicode=true&amp;characterEncoding=UTF-8"/>
		<property name="username" value="root"/>
		<property name="password" value="root"/>
	</bean>

	<!-- 配置mybatis的sqlSessionFactory -->
	<bean id="sqlSessionFactory" class="org.mybatis.spring.SqlSessionFactoryBean">
		<property name="dataSource" ref="dataSource" />
		<!-- 自动扫描mappers.xml文件 -->
		<property name="mapperLocations" value="classpath:com/java/activiti/mappers/*.xml"></property>
		<!-- mybatis配置文件 -->
		<property name="configLocation" value="classpath:mybatis-config.xml"></property>
	</bean>

	<!-- DAO接口所在包名，Spring会自动查找其下的类 -->
	<bean class="org.mybatis.spring.mapper.MapperScannerConfigurer">
		<property name="basePackage" value="com.java.activiti.dao" />
		<property name="sqlSessionFactoryBeanName" value="sqlSessionFactory"></property>
	</bean>

	<!-- (事务管理)transaction manager, use JtaTransactionManager for global tx -->
	<bean id="transactionManager"
		class="org.springframework.jdbc.datasource.DataSourceTransactionManager">
		<property name="dataSource" ref="dataSource" />
	</bean>
	    <!-- //注入shrio -->
        <bean id="bosRealm" class="com.java.activiti.shiro.BOSRealm"></bean>
        <!-- 注入 securityManager管理器-->
    <bean id="securityManager" class="org.apache.shiro.web.mgt.DefaultWebSecurityManager">
        <!-- 将自定义realm注入给securityManager管理 -->
        <property name="realm" ref="bosRealm"></property>
    </bean>
    <!-- 配置shiro的bean工厂 -->
    <!-- 配置工厂bean，用于创建shiro框架用到过滤器 -->
    <bean id="shiroFilter" class="org.apache.shiro.spring.web.ShiroFilterFactoryBean">
        <!-- 注入安全管理 -->
        <property name="securityManager" ref="securityManager"></property>
        <!-- 注入当前系统的登录页面 -->
        <property name="loginUrl" value="/login.jsp"></property>
        <!-- 注入成功页面 -->
        <property name="successUrl" value="/main.jsp"></property>
        <!-- 注入权限不足页面 -->
        <property name="unauthorizedUrl" value="/unauthorizedUrl.jsp"/>
        <!-- 注入url拦截规则 -->
        <property name="filterChainDefinitions">
            <value>
                /css/** = anon
                /images/** = anon
                /js/** = anon
                /login.jsp* = anon
                /validatecode.jsp* = anon
                /userAction_login.action = anon
                /page_base_staff.action = perms["zc"]<!-- roles角色集,perms权限集 -->
                /* = authc
            </value>
            <!-- 
                /page_base_staff.action = roles["staff"]//要访问此action必须有staff这个角色
                /page_base_staff.action = perms["staff"]//要访问此action必须有staff这个权限
             -->
        </property>
    </bean>
    
	<!-- 配置事务通知属性 -->  
    <tx:advice id="txAdvice" transaction-manager="transactionManager">  
        <!-- 定义事务传播属性 -->  
        <tx:attributes>  
            <tx:method name="insert*" propagation="REQUIRED" />  
            <tx:method name="update*" propagation="REQUIRED" />  
            <tx:method name="edit*" propagation="REQUIRED" />  
            <tx:method name="save*" propagation="REQUIRED" />  
            <tx:method name="add*" propagation="REQUIRED" />  
            <tx:method name="new*" propagation="REQUIRED" />  
            <tx:method name="set*" propagation="REQUIRED" />  
            <tx:method name="remove*" propagation="REQUIRED" />  
            <tx:method name="delete*" propagation="REQUIRED" />  
            <tx:method name="change*" propagation="REQUIRED" />  
            <tx:method name="check*" propagation="REQUIRED" />  
            <tx:method name="get*" propagation="REQUIRED" read-only="true" />  
            <tx:method name="find*" propagation="REQUIRED" read-only="true" />  
            <tx:method name="load*" propagation="REQUIRED" read-only="true" />  
            <tx:method name="*" propagation="REQUIRED" read-only="true" />  
        </tx:attributes>  
    </tx:advice>  
  
    <!-- 配置事务切面 -->  
    <aop:config>  
        <aop:pointcut id="serviceOperation"  
            expression="execution(* com.java.activiti.service.*.*(..))" />  
        <aop:advisor advice-ref="txAdvice" pointcut-ref="serviceOperation" />  
    </aop:config>  
    
   <!-- 自动扫描 -->
	<context:component-scan base-package="com.java.activiti.*" />
	
	<!-- 导入Activiti配置 -->
	<import resource="classpath:activiti-context.xml"/>
</beans>